id,submission,customer_name,customer_email,description,status,closed_on,employee_name
1,2:10 PM,Walter Wheeler,pbennett0@usatoday.com,"Cras pellentesque volutpat dui. Maecenas tristique, est et tempus semper, est quam pharetra magna, ac consequat metus sapien ut nunc. Vestibulum ante ipsum primis in faucibus orci luctus et ultrices posuere cubilia Curae; Mauris viverra diam vitae quam. Suspendisse potenti. Nullam porttitor lacus at turpis. Donec posuere metus vitae ipsum. Aliquam non mauris.",open,3:53 AM,Patricia Bennett
2,11:27 PM,Christopher Nelson,dlong1@mysql.com,"Morbi sem mauris, laoreet ut, rhoncus aliquet, pulvinar sed, nisl.",closed,5:15 PM,Doris Long
3,4:56 PM,Jeffrey Romero,dyoung2@tumblr.com,"Proin leo odio, porttitor id, consequat in, consequat ut, nulla. Sed accumsan felis. Ut at dolor quis odio consequat varius. Integer ac leo. Pellentesque ultrices mattis odio.",open,9:57 AM,Donald Young
4,7:47 AM,Helen Green,cmeyer3@github.com,"Morbi quis tortor id nulla ultrices aliquet. Maecenas leo odio, condimentum id, luctus nec, molestie sed, justo. Pellentesque viverra pede ac diam. Cras pellentesque volutpat dui. Maecenas tristique, est et tempus semper, est quam pharetra magna, ac consequat metus sapien ut nunc. Vestibulum ante ipsum primis in faucibus orci luctus et ultrices posuere cubilia Curae; Mauris viverra diam vitae quam. Suspendisse potenti. Nullam porttitor lacus at turpis. Donec posuere metus vitae ipsum.",open,2:27 AM,Christina Meyer
5,11:14 PM,Carol Morris,coliver4@dedecms.com,"Aliquam sit amet diam in magna bibendum imperdiet. Nullam orci pede, venenatis non, sodales sed, tincidunt eu, felis. Fusce posuere felis sed lacus. Morbi sem mauris, laoreet ut, rhoncus aliquet, pulvinar sed, nisl. Nunc rhoncus dui vel sem. Sed sagittis. Nam congue, risus semper porta volutpat, quam pede lobortis ligula, sit amet eleifend pede libero quis orci. Nullam molestie nibh in lectus. Pellentesque at nulla. Suspendisse potenti.",open,1:00 AM,Clarence Oliver
6,10:34 AM,Lisa Morales,kthomas5@washington.edu,"Integer pede justo, lacinia eget, tincidunt eget, tempus vel, pede. Morbi porttitor lorem id ligula. Suspendisse ornare consequat lectus. In est risus, auctor sed, tristique in, tempus sit amet, sem. Fusce consequat. Nulla nisl. Nunc nisl. Duis bibendum, felis sed interdum venenatis, turpis enim blandit mi, in porttitor pede justo eu massa. Donec dapibus.",closed,9:17 AM,Keith Thomas
7,6:37 PM,Kenneth Chavez,jowens6@phoca.cz,Nullam porttitor lacus at turpis. Donec posuere metus vitae ipsum. Aliquam non mauris. Morbi non lectus.,open,10:17 PM,Johnny Owens
8,5:11 AM,Dorothy Gilbert,emartin7@sciencedaily.com,"Morbi quis tortor id nulla ultrices aliquet. Maecenas leo odio, condimentum id, luctus nec, molestie sed, justo. Pellentesque viverra pede ac diam. Cras pellentesque volutpat dui.",closed,7:28 AM,Earl Martin
9,6:43 AM,Bobby Thompson,lgrant8@wix.com,Ut tellus. Nulla ut erat id mauris vulputate elementum. Nullam varius. Nulla facilisi.,closed,10:18 PM,Lois Grant
10,6:12 AM,Christina Morales,dcastillo9@washington.edu,Curabitur convallis. Duis consequat dui nec nisi volutpat eleifend.,open,10:06 PM,Daniel Castillo
11,3:32 PM,Shirley Oliver,sjohnstona@oakley.com,Etiam pretium iaculis justo. In hac habitasse platea dictumst. Etiam faucibus cursus urna. Ut tellus. Nulla ut erat id mauris vulputate elementum. Nullam varius. Nulla facilisi. Cras non velit nec nisi vulputate nonummy. Maecenas tincidunt lacus at velit. Vivamus vel nulla eget eros elementum pellentesque.,open,6:46 PM,Stephen Johnston
12,12:35 AM,Gregory Simpson,ereyesb@dot.gov,"Praesent blandit lacinia erat. Vestibulum sed magna at nunc commodo placerat. Praesent blandit. Nam nulla. Integer pede justo, lacinia eget, tincidunt eget, tempus vel, pede. Morbi porttitor lorem id ligula.",closed,6:47 AM,Elizabeth Reyes
13,11:32 AM,Jessica Fisher,bhunterc@redcross.org,"Duis aliquam convallis nunc. Proin at turpis a pede posuere nonummy. Integer non velit. Donec diam neque, vestibulum eget, vulputate ut, ultrices vel, augue. Vestibulum ante ipsum primis in faucibus orci luctus et ultrices posuere cubilia Curae; Donec pharetra, magna vestibulum aliquet ultrices, erat tortor sollicitudin mi, sit amet lobortis sapien sapien non mi. Integer ac neque. Duis bibendum. Morbi non quam nec dui luctus rutrum. Nulla tellus.",open,8:35 AM,Bonnie Hunter
14,6:14 PM,Nicholas George,lkingd@toplist.cz,"Quisque ut erat. Curabitur gravida nisi at nibh. In hac habitasse platea dictumst. Aliquam augue quam, sollicitudin vitae, consectetuer eget, rutrum at, lorem.",closed,3:39 PM,Lillian King
15,5:45 PM,Terry Howard,arogerse@facebook.com,In eleifend quam a odio. In hac habitasse platea dictumst. Maecenas ut massa quis augue luctus tincidunt. Nulla mollis molestie lorem. Quisque ut erat. Curabitur gravida nisi at nibh.,open,8:46 PM,Anne Rogers
16,11:58 AM,Gerald Chavez,cmarshallf@wunderground.com,"Vestibulum sed magna at nunc commodo placerat. Praesent blandit. Nam nulla. Integer pede justo, lacinia eget, tincidunt eget, tempus vel, pede. Morbi porttitor lorem id ligula. Suspendisse ornare consequat lectus. In est risus, auctor sed, tristique in, tempus sit amet, sem. Fusce consequat. Nulla nisl. Nunc nisl.",open,4:42 PM,Carl Marshall
17,7:18 PM,Janet Jordan,fjohnsong@tmall.com,"Nam nulla. Integer pede justo, lacinia eget, tincidunt eget, tempus vel, pede.",open,11:43 AM,Frances Johnson
18,11:05 PM,Daniel Barnes,dfernandezh@sogou.com,Nulla tempus. Vivamus in felis eu sapien cursus vestibulum.,closed,4:37 PM,Diane Fernandez
19,6:45 PM,Arthur Chavez,rmorenoi@amazon.de,"Curabitur gravida nisi at nibh. In hac habitasse platea dictumst. Aliquam augue quam, sollicitudin vitae, consectetuer eget, rutrum at, lorem. Integer tincidunt ante vel ipsum. Praesent blandit lacinia erat. Vestibulum sed magna at nunc commodo placerat. Praesent blandit. Nam nulla. Integer pede justo, lacinia eget, tincidunt eget, tempus vel, pede. Morbi porttitor lorem id ligula.",open,8:34 AM,Rachel Moreno
20,6:47 AM,Sara Brown,jfoxj@delicious.com,Pellentesque at nulla. Suspendisse potenti. Cras in purus eu magna vulputate luctus.,open,10:45 AM,Joseph Fox
21,3:22 PM,Keith Reyes,cwatkinsk@lycos.com,"Curabitur convallis. Duis consequat dui nec nisi volutpat eleifend. Donec ut dolor. Morbi vel lectus in quam fringilla rhoncus. Mauris enim leo, rhoncus sed, vestibulum sit amet, cursus id, turpis. Integer aliquet, massa id lobortis convallis, tortor risus dapibus augue, vel accumsan tellus nisi eu orci. Mauris lacinia sapien quis libero. Nullam sit amet turpis elementum ligula vehicula consequat.",open,12:58 AM,Christina Watkins
22,2:06 AM,Donald Kennedy,cwheelerl@blog.com,"Nullam orci pede, venenatis non, sodales sed, tincidunt eu, felis. Fusce posuere felis sed lacus.",open,12:35 PM,Cynthia Wheeler
23,4:37 PM,Ruby Gray,wmeyerm@spotify.com,"Donec diam neque, vestibulum eget, vulputate ut, ultrices vel, augue. Vestibulum ante ipsum primis in faucibus orci luctus et ultrices posuere cubilia Curae; Donec pharetra, magna vestibulum aliquet ultrices, erat tortor sollicitudin mi, sit amet lobortis sapien sapien non mi. Integer ac neque. Duis bibendum. Morbi non quam nec dui luctus rutrum. Nulla tellus. In sagittis dui vel nisl. Duis ac nibh.",open,10:23 PM,Willie Meyer
24,1:36 PM,Stephanie Howell,blewisn@fc2.com,Morbi quis tortor id nulla ultrices aliquet.,closed,4:02 PM,Billy Lewis
25,3:18 PM,Willie Cooper,rwilliso@prlog.org,"Vivamus metus arcu, adipiscing molestie, hendrerit at, vulputate vitae, nisl. Aenean lectus. Pellentesque eget nunc. Donec quis orci eget orci vehicula condimentum. Curabitur in libero ut massa volutpat convallis. Morbi odio odio, elementum eu, interdum eu, tincidunt in, leo.",open,8:10 AM,Robin Willis
26,11:45 AM,Marilyn Rice,lgriffinp@usgs.gov,Ut at dolor quis odio consequat varius.,closed,1:01 AM,Lawrence Griffin
27,4:25 AM,Todd Andrews,trobertsonq@apple.com,"Nulla neque libero, convallis eget, eleifend luctus, ultricies eu, nibh. Quisque id justo sit amet sapien dignissim vestibulum.",open,1:33 AM,Thomas Robertson
28,11:01 AM,Mildred Torres,bperezr@parallels.com,"Duis mattis egestas metus. Aenean fermentum. Donec ut mauris eget massa tempor convallis. Nulla neque libero, convallis eget, eleifend luctus, ultricies eu, nibh. Quisque id justo sit amet sapien dignissim vestibulum. Vestibulum ante ipsum primis in faucibus orci luctus et ultrices posuere cubilia Curae; Nulla dapibus dolor vel est. Donec odio justo, sollicitudin ut, suscipit a, feugiat et, eros. Vestibulum ac est lacinia nisi venenatis tristique. Fusce congue, diam id ornare imperdiet, sapien urna pretium nisl, ut volutpat sapien arcu sed augue. Aliquam erat volutpat.",closed,10:18 AM,Brandon Perez
29,8:30 PM,Christopher Ortiz,ayoungs@deviantart.com,"Morbi sem mauris, laoreet ut, rhoncus aliquet, pulvinar sed, nisl. Nunc rhoncus dui vel sem.",open,12:41 AM,Ashley Young
30,1:50 PM,Lawrence Willis,jpowellt@behance.net,"Aenean sit amet justo. Morbi ut odio. Cras mi pede, malesuada in, imperdiet et, commodo vulputate, justo. In blandit ultrices enim. Lorem ipsum dolor sit amet, consectetuer adipiscing elit. Proin interdum mauris non ligula pellentesque ultrices. Phasellus id sapien in sapien iaculis congue.",open,5:15 PM,Joseph Powell
31,2:24 PM,Craig Mills,bbaileyu@hao123.com,"Suspendisse potenti. Nullam porttitor lacus at turpis. Donec posuere metus vitae ipsum. Aliquam non mauris. Morbi non lectus. Aliquam sit amet diam in magna bibendum imperdiet. Nullam orci pede, venenatis non, sodales sed, tincidunt eu, felis. Fusce posuere felis sed lacus.",open,1:37 AM,Brandon Bailey
32,5:03 PM,Teresa Rogers,rhenryv@prlog.org,"Nam nulla. Integer pede justo, lacinia eget, tincidunt eget, tempus vel, pede. Morbi porttitor lorem id ligula. Suspendisse ornare consequat lectus. In est risus, auctor sed, tristique in, tempus sit amet, sem. Fusce consequat. Nulla nisl.",closed,5:52 PM,Robert Henry
33,9:55 AM,Harry Nichols,arossw@ucoz.ru,"Lorem ipsum dolor sit amet, consectetuer adipiscing elit. Proin risus. Praesent lectus. Vestibulum quam sapien, varius ut, blandit non, interdum in, ante. Vestibulum ante ipsum primis in faucibus orci luctus et ultrices posuere cubilia Curae; Duis faucibus accumsan odio. Curabitur convallis. Duis consequat dui nec nisi volutpat eleifend. Donec ut dolor.",closed,11:23 AM,Amanda Ross
34,6:14 PM,Nicholas Dunn,awelchx@wordpress.org,"Morbi non quam nec dui luctus rutrum. Nulla tellus. In sagittis dui vel nisl. Duis ac nibh. Fusce lacus purus, aliquet at, feugiat non, pretium quis, lectus. Suspendisse potenti. In eleifend quam a odio. In hac habitasse platea dictumst.",closed,4:03 PM,Adam Welch
35,12:41 PM,Paula Crawford,bhunty@theatlantic.com,"In sagittis dui vel nisl. Duis ac nibh. Fusce lacus purus, aliquet at, feugiat non, pretium quis, lectus. Suspendisse potenti. In eleifend quam a odio. In hac habitasse platea dictumst. Maecenas ut massa quis augue luctus tincidunt. Nulla mollis molestie lorem. Quisque ut erat. Curabitur gravida nisi at nibh.",open,7:04 AM,Billy Hunt
36,9:10 AM,Laura Romero,hwardz@ovh.net,"Integer ac leo. Pellentesque ultrices mattis odio. Donec vitae nisi. Nam ultrices, libero non mattis pulvinar, nulla pede ullamcorper augue, a suscipit nulla elit ac nulla. Sed vel enim sit amet nunc viverra dapibus. Nulla suscipit ligula in lacus. Curabitur at ipsum ac tellus semper interdum. Mauris ullamcorper purus sit amet nulla.",closed,4:48 PM,Henry Ward
37,1:19 PM,Jean Andrews,tbryant10@nhs.uk,"Mauris lacinia sapien quis libero. Nullam sit amet turpis elementum ligula vehicula consequat. Morbi a ipsum. Integer a nibh. In quis justo. Maecenas rhoncus aliquam lacus. Morbi quis tortor id nulla ultrices aliquet. Maecenas leo odio, condimentum id, luctus nec, molestie sed, justo.",open,12:56 AM,Tina Bryant
38,7:48 PM,Evelyn Webb,ereed11@google.de,Sed ante. Vivamus tortor. Duis mattis egestas metus. Aenean fermentum.,closed,7:42 AM,Evelyn Reed
39,12:42 PM,Adam Walker,pgarrett12@bluehost.com,"Donec dapibus. Duis at velit eu est congue elementum. In hac habitasse platea dictumst. Morbi vestibulum, velit id pretium iaculis, diam erat fermentum justo, nec condimentum neque sapien placerat ante. Nulla justo.",open,1:28 PM,Paula Garrett
40,11:22 AM,Margaret Henderson,lpeterson13@marriott.com,"Fusce lacus purus, aliquet at, feugiat non, pretium quis, lectus. Suspendisse potenti. In eleifend quam a odio. In hac habitasse platea dictumst. Maecenas ut massa quis augue luctus tincidunt. Nulla mollis molestie lorem. Quisque ut erat. Curabitur gravida nisi at nibh. In hac habitasse platea dictumst. Aliquam augue quam, sollicitudin vitae, consectetuer eget, rutrum at, lorem.",open,7:53 PM,Lillian Peterson
41,1:37 PM,Juan Ray,lmiller14@amazon.com,"Nullam orci pede, venenatis non, sodales sed, tincidunt eu, felis. Fusce posuere felis sed lacus. Morbi sem mauris, laoreet ut, rhoncus aliquet, pulvinar sed, nisl. Nunc rhoncus dui vel sem. Sed sagittis. Nam congue, risus semper porta volutpat, quam pede lobortis ligula, sit amet eleifend pede libero quis orci. Nullam molestie nibh in lectus.",closed,6:46 PM,Linda Miller
42,4:14 AM,Janet Morrison,rmorgan15@t-online.de,"Integer tincidunt ante vel ipsum. Praesent blandit lacinia erat. Vestibulum sed magna at nunc commodo placerat. Praesent blandit. Nam nulla. Integer pede justo, lacinia eget, tincidunt eget, tempus vel, pede. Morbi porttitor lorem id ligula.",open,7:46 AM,Rachel Morgan
43,12:33 AM,Brenda Ortiz,tthomas16@house.gov,Pellentesque ultrices mattis odio. Donec vitae nisi.,closed,6:47 PM,Tammy Thomas
44,4:25 PM,Justin Powell,pfowler17@creativecommons.org,"Mauris enim leo, rhoncus sed, vestibulum sit amet, cursus id, turpis. Integer aliquet, massa id lobortis convallis, tortor risus dapibus augue, vel accumsan tellus nisi eu orci. Mauris lacinia sapien quis libero.",open,12:54 PM,Paula Fowler
45,12:36 AM,Patrick Arnold,jarnold18@scientificamerican.com,Aenean auctor gravida sem. Praesent id massa id nisl venenatis lacinia. Aenean sit amet justo.,open,10:49 AM,Jason Arnold
46,7:50 AM,Harry Franklin,storres19@springer.com,In sagittis dui vel nisl.,closed,10:35 AM,Shirley Torres
47,9:12 AM,Louis Price,lmorales1a@barnesandnoble.com,In congue. Etiam justo. Etiam pretium iaculis justo. In hac habitasse platea dictumst. Etiam faucibus cursus urna.,closed,1:18 AM,Lois Morales
48,1:13 AM,Kathy Wood,agray1b@booking.com,"Pellentesque eget nunc. Donec quis orci eget orci vehicula condimentum. Curabitur in libero ut massa volutpat convallis. Morbi odio odio, elementum eu, interdum eu, tincidunt in, leo. Maecenas pulvinar lobortis est. Phasellus sit amet erat. Nulla tempus. Vivamus in felis eu sapien cursus vestibulum. Proin eu mi. Nulla ac enim.",closed,4:12 AM,Albert Gray
49,4:22 AM,Doris Sims,hray1c@trellian.com,"Morbi porttitor lorem id ligula. Suspendisse ornare consequat lectus. In est risus, auctor sed, tristique in, tempus sit amet, sem. Fusce consequat.",closed,2:31 AM,Howard Ray
50,4:56 AM,Robert Nelson,jmcdonald1d@prnewswire.com,"Proin at turpis a pede posuere nonummy. Integer non velit. Donec diam neque, vestibulum eget, vulputate ut, ultrices vel, augue.",open,2:18 PM,Jean Mcdonald
51,8:56 AM,Sarah Richardson,mstone1e@theatlantic.com,Nulla facilisi. Cras non velit nec nisi vulputate nonummy.,open,5:03 PM,Marie Stone
52,5:26 PM,Brandon Stewart,cgarcia1f@icq.com,"Maecenas tristique, est et tempus semper, est quam pharetra magna, ac consequat metus sapien ut nunc. Vestibulum ante ipsum primis in faucibus orci luctus et ultrices posuere cubilia Curae; Mauris viverra diam vitae quam. Suspendisse potenti.",closed,4:48 PM,Catherine Garcia
53,12:24 PM,Thomas Carroll,mwarren1g@mtv.com,"In hac habitasse platea dictumst. Morbi vestibulum, velit id pretium iaculis, diam erat fermentum justo, nec condimentum neque sapien placerat ante. Nulla justo. Aliquam quis turpis eget elit sodales scelerisque. Mauris sit amet eros.",open,12:51 AM,Martin Warren
54,3:19 PM,Diane Simmons,hhunter1h@sitemeter.com,"Cras pellentesque volutpat dui. Maecenas tristique, est et tempus semper, est quam pharetra magna, ac consequat metus sapien ut nunc.",closed,12:04 AM,Howard Hunter
55,8:27 AM,Kathy Ramos,dhanson1i@moonfruit.com,"Nulla mollis molestie lorem. Quisque ut erat. Curabitur gravida nisi at nibh. In hac habitasse platea dictumst. Aliquam augue quam, sollicitudin vitae, consectetuer eget, rutrum at, lorem. Integer tincidunt ante vel ipsum. Praesent blandit lacinia erat.",open,3:57 AM,Doris Hanson
56,7:52 PM,Joan Lane,krobertson1j@zdnet.com,"Mauris enim leo, rhoncus sed, vestibulum sit amet, cursus id, turpis. Integer aliquet, massa id lobortis convallis, tortor risus dapibus augue, vel accumsan tellus nisi eu orci. Mauris lacinia sapien quis libero.",open,1:26 PM,Kathryn Robertson
57,9:12 AM,Beverly Schmidt,jriley1k@blog.com,Vestibulum sed magna at nunc commodo placerat. Praesent blandit.,open,1:39 PM,Jonathan Riley
58,10:55 AM,Robin Mason,bstevens1l@wired.com,"Ut at dolor quis odio consequat varius. Integer ac leo. Pellentesque ultrices mattis odio. Donec vitae nisi. Nam ultrices, libero non mattis pulvinar, nulla pede ullamcorper augue, a suscipit nulla elit ac nulla. Sed vel enim sit amet nunc viverra dapibus. Nulla suscipit ligula in lacus.",open,1:55 PM,Brandon Stevens
59,4:04 PM,Evelyn Powell,sroberts1m@sourceforge.net,"Morbi a ipsum. Integer a nibh. In quis justo. Maecenas rhoncus aliquam lacus. Morbi quis tortor id nulla ultrices aliquet. Maecenas leo odio, condimentum id, luctus nec, molestie sed, justo.",open,9:03 PM,Susan Roberts
60,11:10 PM,George Diaz,cgriffin1n@sogou.com,"Suspendisse ornare consequat lectus. In est risus, auctor sed, tristique in, tempus sit amet, sem. Fusce consequat.",closed,8:46 PM,Charles Griffin
61,7:37 PM,Charles Duncan,cjames1o@rakuten.co.jp,"Fusce posuere felis sed lacus. Morbi sem mauris, laoreet ut, rhoncus aliquet, pulvinar sed, nisl. Nunc rhoncus dui vel sem. Sed sagittis.",open,2:18 PM,Carolyn James
62,7:11 AM,Jack Dunn,jhunt1p@tumblr.com,Nullam varius. Nulla facilisi.,closed,8:47 AM,Judy Hunt
63,6:45 AM,Frank Torres,jromero1q@cam.ac.uk,Nulla justo.,open,4:44 AM,Joe Romero
64,7:50 PM,Martha White,alarson1r@cisco.com,"Mauris enim leo, rhoncus sed, vestibulum sit amet, cursus id, turpis. Integer aliquet, massa id lobortis convallis, tortor risus dapibus augue, vel accumsan tellus nisi eu orci. Mauris lacinia sapien quis libero. Nullam sit amet turpis elementum ligula vehicula consequat. Morbi a ipsum. Integer a nibh.",closed,10:33 PM,Amanda Larson
65,4:53 PM,Martin Kim,sgarza1s@hud.gov,"Vestibulum sed magna at nunc commodo placerat. Praesent blandit. Nam nulla. Integer pede justo, lacinia eget, tincidunt eget, tempus vel, pede. Morbi porttitor lorem id ligula. Suspendisse ornare consequat lectus. In est risus, auctor sed, tristique in, tempus sit amet, sem. Fusce consequat.",open,8:29 PM,Samuel Garza
66,5:09 PM,Juan Stewart,bhawkins1t@webmd.com,"Ut at dolor quis odio consequat varius. Integer ac leo. Pellentesque ultrices mattis odio. Donec vitae nisi. Nam ultrices, libero non mattis pulvinar, nulla pede ullamcorper augue, a suscipit nulla elit ac nulla. Sed vel enim sit amet nunc viverra dapibus. Nulla suscipit ligula in lacus. Curabitur at ipsum ac tellus semper interdum.",open,5:46 PM,Bobby Hawkins
67,11:00 AM,Carolyn Elliott,jwilliams1u@wunderground.com,"Morbi non lectus. Aliquam sit amet diam in magna bibendum imperdiet. Nullam orci pede, venenatis non, sodales sed, tincidunt eu, felis. Fusce posuere felis sed lacus. Morbi sem mauris, laoreet ut, rhoncus aliquet, pulvinar sed, nisl. Nunc rhoncus dui vel sem. Sed sagittis. Nam congue, risus semper porta volutpat, quam pede lobortis ligula, sit amet eleifend pede libero quis orci.",closed,2:14 AM,Jennifer Williams
68,8:34 PM,Gerald Gomez,fdixon1v@ovh.net,Curabitur gravida nisi at nibh. In hac habitasse platea dictumst.,closed,5:32 PM,Fred Dixon
69,4:27 PM,Bruce Reed,eoliver1w@wordpress.org,In hac habitasse platea dictumst. Etiam faucibus cursus urna. Ut tellus. Nulla ut erat id mauris vulputate elementum. Nullam varius.,open,12:19 AM,Evelyn Oliver
70,1:03 AM,Randy Grant,dfoster1x@geocities.com,"Phasellus sit amet erat. Nulla tempus. Vivamus in felis eu sapien cursus vestibulum. Proin eu mi. Nulla ac enim. In tempor, turpis nec euismod scelerisque, quam turpis adipiscing lorem, vitae mattis nibh ligula nec sem. Duis aliquam convallis nunc. Proin at turpis a pede posuere nonummy.",open,11:13 PM,Donna Foster
71,5:02 AM,Richard Hansen,jferguson1y@jigsy.com,"Morbi a ipsum. Integer a nibh. In quis justo. Maecenas rhoncus aliquam lacus. Morbi quis tortor id nulla ultrices aliquet. Maecenas leo odio, condimentum id, luctus nec, molestie sed, justo. Pellentesque viverra pede ac diam. Cras pellentesque volutpat dui. Maecenas tristique, est et tempus semper, est quam pharetra magna, ac consequat metus sapien ut nunc.",closed,7:08 PM,Jacqueline Ferguson
72,9:35 AM,Frank Miller,nevans1z@sciencedaily.com,"Integer aliquet, massa id lobortis convallis, tortor risus dapibus augue, vel accumsan tellus nisi eu orci. Mauris lacinia sapien quis libero. Nullam sit amet turpis elementum ligula vehicula consequat. Morbi a ipsum. Integer a nibh. In quis justo. Maecenas rhoncus aliquam lacus. Morbi quis tortor id nulla ultrices aliquet.",closed,10:21 AM,Nicholas Evans
73,3:49 PM,Barbara Ross,nanderson20@ucoz.com,Etiam justo. Etiam pretium iaculis justo. In hac habitasse platea dictumst. Etiam faucibus cursus urna. Ut tellus. Nulla ut erat id mauris vulputate elementum. Nullam varius. Nulla facilisi. Cras non velit nec nisi vulputate nonummy.,open,3:15 AM,Norma Anderson
74,10:18 PM,Irene Tucker,kwilliamson21@foxnews.com,"Nam ultrices, libero non mattis pulvinar, nulla pede ullamcorper augue, a suscipit nulla elit ac nulla. Sed vel enim sit amet nunc viverra dapibus. Nulla suscipit ligula in lacus. Curabitur at ipsum ac tellus semper interdum.",closed,9:49 PM,Keith Williamson
75,12:36 AM,Jose Matthews,nwalker22@businesswire.com,"Sed ante. Vivamus tortor. Duis mattis egestas metus. Aenean fermentum. Donec ut mauris eget massa tempor convallis. Nulla neque libero, convallis eget, eleifend luctus, ultricies eu, nibh. Quisque id justo sit amet sapien dignissim vestibulum. Vestibulum ante ipsum primis in faucibus orci luctus et ultrices posuere cubilia Curae; Nulla dapibus dolor vel est. Donec odio justo, sollicitudin ut, suscipit a, feugiat et, eros. Vestibulum ac est lacinia nisi venenatis tristique.",closed,8:59 AM,Nicole Walker
76,11:37 PM,Jennifer Murphy,wjenkins23@dailymotion.com,"Morbi quis tortor id nulla ultrices aliquet. Maecenas leo odio, condimentum id, luctus nec, molestie sed, justo. Pellentesque viverra pede ac diam. Cras pellentesque volutpat dui. Maecenas tristique, est et tempus semper, est quam pharetra magna, ac consequat metus sapien ut nunc. Vestibulum ante ipsum primis in faucibus orci luctus et ultrices posuere cubilia Curae; Mauris viverra diam vitae quam. Suspendisse potenti.",closed,9:48 PM,Willie Jenkins
77,10:27 PM,Helen Morrison,krose24@soup.io,"Donec quis orci eget orci vehicula condimentum. Curabitur in libero ut massa volutpat convallis. Morbi odio odio, elementum eu, interdum eu, tincidunt in, leo.",open,5:38 AM,Kathryn Rose
78,11:38 PM,Diane Wilson,bfields25@last.fm,"Pellentesque eget nunc. Donec quis orci eget orci vehicula condimentum. Curabitur in libero ut massa volutpat convallis. Morbi odio odio, elementum eu, interdum eu, tincidunt in, leo. Maecenas pulvinar lobortis est. Phasellus sit amet erat. Nulla tempus. Vivamus in felis eu sapien cursus vestibulum. Proin eu mi.",closed,2:10 AM,Barbara Fields
79,7:44 AM,Louise Diaz,ahoward26@aboutads.info,"Donec odio justo, sollicitudin ut, suscipit a, feugiat et, eros. Vestibulum ac est lacinia nisi venenatis tristique. Fusce congue, diam id ornare imperdiet, sapien urna pretium nisl, ut volutpat sapien arcu sed augue. Aliquam erat volutpat. In congue. Etiam justo.",open,8:44 AM,Andrew Howard
80,8:03 PM,Nicholas Cole,atucker27@usatoday.com,"Quisque erat eros, viverra eget, congue eget, semper rutrum, nulla. Nunc purus. Phasellus in felis. Donec semper sapien a libero.",closed,1:51 PM,Ann Tucker
81,3:34 AM,Maria Cruz,chanson28@quantcast.com,"Nam ultrices, libero non mattis pulvinar, nulla pede ullamcorper augue, a suscipit nulla elit ac nulla. Sed vel enim sit amet nunc viverra dapibus. Nulla suscipit ligula in lacus. Curabitur at ipsum ac tellus semper interdum.",closed,8:24 AM,Cheryl Hanson
82,10:27 PM,Shirley Lane,mcampbell29@wisc.edu,"Phasellus in felis. Donec semper sapien a libero. Nam dui. Proin leo odio, porttitor id, consequat in, consequat ut, nulla. Sed accumsan felis.",closed,9:04 PM,Michelle Campbell
83,3:48 PM,Jean Henderson,klong2a@marketwatch.com,Sed vel enim sit amet nunc viverra dapibus. Nulla suscipit ligula in lacus. Curabitur at ipsum ac tellus semper interdum. Mauris ullamcorper purus sit amet nulla.,closed,2:34 AM,Kimberly Long
84,2:10 PM,Louise Russell,jchapman2b@odnoklassniki.ru,"Aliquam augue quam, sollicitudin vitae, consectetuer eget, rutrum at, lorem. Integer tincidunt ante vel ipsum. Praesent blandit lacinia erat. Vestibulum sed magna at nunc commodo placerat.",closed,4:21 AM,Jose Chapman
85,2:42 PM,Carolyn Montgomery,dpeterson2c@joomla.org,Proin at turpis a pede posuere nonummy.,closed,9:24 PM,Donna Peterson
86,2:14 PM,Melissa Ward,chudson2d@livejournal.com,Vestibulum ante ipsum primis in faucibus orci luctus et ultrices posuere cubilia Curae; Duis faucibus accumsan odio. Curabitur convallis.,open,7:16 AM,Carolyn Hudson
87,2:34 PM,Robin Meyer,wdean2e@scientificamerican.com,"Nulla nisl. Nunc nisl. Duis bibendum, felis sed interdum venenatis, turpis enim blandit mi, in porttitor pede justo eu massa. Donec dapibus. Duis at velit eu est congue elementum.",open,2:39 PM,Wayne Dean
88,11:35 PM,Lisa Austin,tstephens2f@tinyurl.com,Etiam pretium iaculis justo. In hac habitasse platea dictumst. Etiam faucibus cursus urna. Ut tellus. Nulla ut erat id mauris vulputate elementum. Nullam varius. Nulla facilisi. Cras non velit nec nisi vulputate nonummy. Maecenas tincidunt lacus at velit.,open,5:02 PM,Theresa Stephens
89,3:35 PM,Jesse Gibson,rgonzales2g@ted.com,"Donec quis orci eget orci vehicula condimentum. Curabitur in libero ut massa volutpat convallis. Morbi odio odio, elementum eu, interdum eu, tincidunt in, leo. Maecenas pulvinar lobortis est. Phasellus sit amet erat.",closed,4:28 AM,Ruth Gonzales
90,5:33 PM,Larry Bennett,ereynolds2h@tumblr.com,"Aliquam non mauris. Morbi non lectus. Aliquam sit amet diam in magna bibendum imperdiet. Nullam orci pede, venenatis non, sodales sed, tincidunt eu, felis. Fusce posuere felis sed lacus. Morbi sem mauris, laoreet ut, rhoncus aliquet, pulvinar sed, nisl. Nunc rhoncus dui vel sem. Sed sagittis. Nam congue, risus semper porta volutpat, quam pede lobortis ligula, sit amet eleifend pede libero quis orci.",open,9:45 PM,Eric Reynolds
91,11:54 PM,Charles West,dflores2i@ibm.com,"Cras pellentesque volutpat dui. Maecenas tristique, est et tempus semper, est quam pharetra magna, ac consequat metus sapien ut nunc. Vestibulum ante ipsum primis in faucibus orci luctus et ultrices posuere cubilia Curae; Mauris viverra diam vitae quam. Suspendisse potenti.",closed,5:28 AM,Dorothy Flores
92,7:51 PM,Christine Patterson,sbryant2j@berkeley.edu,"Integer non velit. Donec diam neque, vestibulum eget, vulputate ut, ultrices vel, augue.",closed,5:48 AM,Scott Bryant
93,1:16 PM,Laura Henderson,mharrison2k@canalblog.com,"Maecenas tincidunt lacus at velit. Vivamus vel nulla eget eros elementum pellentesque. Quisque porta volutpat erat. Quisque erat eros, viverra eget, congue eget, semper rutrum, nulla.",open,7:42 PM,Michael Harrison
94,7:17 AM,Bobby Mendoza,hmorgan2l@cisco.com,"In hac habitasse platea dictumst. Aliquam augue quam, sollicitudin vitae, consectetuer eget, rutrum at, lorem. Integer tincidunt ante vel ipsum. Praesent blandit lacinia erat. Vestibulum sed magna at nunc commodo placerat. Praesent blandit. Nam nulla. Integer pede justo, lacinia eget, tincidunt eget, tempus vel, pede.",open,5:14 AM,Harry Morgan
95,2:24 PM,Anthony Hunter,ehenderson2m@twitter.com,"Nam ultrices, libero non mattis pulvinar, nulla pede ullamcorper augue, a suscipit nulla elit ac nulla. Sed vel enim sit amet nunc viverra dapibus. Nulla suscipit ligula in lacus.",closed,8:36 PM,Eugene Henderson
96,12:16 AM,Kathy Wheeler,sowens2n@jigsy.com,"Praesent id massa id nisl venenatis lacinia. Aenean sit amet justo. Morbi ut odio. Cras mi pede, malesuada in, imperdiet et, commodo vulputate, justo. In blandit ultrices enim. Lorem ipsum dolor sit amet, consectetuer adipiscing elit. Proin interdum mauris non ligula pellentesque ultrices. Phasellus id sapien in sapien iaculis congue. Vivamus metus arcu, adipiscing molestie, hendrerit at, vulputate vitae, nisl. Aenean lectus.",open,6:19 PM,Shawn Owens
97,6:39 AM,James Mcdonald,lholmes2o@bloglines.com,Praesent blandit lacinia erat.,closed,12:43 PM,Lisa Holmes
98,3:09 PM,Alan Montgomery,jprice2p@sciencedirect.com,"Cum sociis natoque penatibus et magnis dis parturient montes, nascetur ridiculus mus.",closed,11:42 PM,Johnny Price
99,7:31 AM,Helen Morrison,sfranklin2q@xrea.com,In hac habitasse platea dictumst. Etiam faucibus cursus urna. Ut tellus.,open,6:47 AM,Scott Franklin
100,2:50 PM,Timothy Stewart,jcooper2r@who.int,"Proin at turpis a pede posuere nonummy. Integer non velit. Donec diam neque, vestibulum eget, vulputate ut, ultrices vel, augue. Vestibulum ante ipsum primis in faucibus orci luctus et ultrices posuere cubilia Curae; Donec pharetra, magna vestibulum aliquet ultrices, erat tortor sollicitudin mi, sit amet lobortis sapien sapien non mi. Integer ac neque.",open,11:18 AM,Judith Cooper
